filename,num_timesteps,num_timesteps_missing,avg_spatial_coverage,num_timesteps_abovecov,temporal_coverage,assesment_temporal,assesment_spatial
eopatch-841,38,36,89.68016842105263,34,89.47368421052632,high,high
eopatch-781,38,38,87.40606315789474,33,86.84210526315789,high,high
eopatch-718,38,38,90.18564210526318,33,86.84210526315789,high,high
eopatch-804,38,38,89.54400000000001,31,81.57894736842105,high,high
eopatch-903,38,37,86.17515789473684,30,78.94736842105263,high,high
eopatch-559,22,21,93.38785454545454,20,90.9090909090909,high,high
eopatch-879,38,36,88.31797894736842,32,84.21052631578948,high,high
eopatch-383,19,19,95.09052631578949,18,94.73684210526316,high,high
eopatch-402,19,19,92.7578947368421,18,94.73684210526316,high,high
eopatch-852,38,38,85.47882105263159,32,84.21052631578948,high,high
eopatch-825,38,38,85.85347368421053,30,78.94736842105263,high,high
eopatch-644,38,36,88.04530526315791,33,86.84210526315789,high,high
eopatch-889,38,36,90.08981052631579,33,86.84210526315789,high,high
eopatch-771,45,44,86.5423288888889,37,82.22222222222223,high,high
eopatch-341,19,19,91.63932631578946,17,89.47368421052632,high,high
eopatch-828,38,38,91.5658947368421,35,92.10526315789474,high,high
eopatch-803,38,38,88.48926315789474,33,86.84210526315789,high,high
eopatch-523,48,40,90.17174166666666,41,85.41666666666667,high,high
eopatch-890,38,38,88.33553684210526,31,81.57894736842105,high,high
eopatch-904,38,38,83.93242105263158,27,71.05263157894737,high,high
eopatch-782,38,38,89.45166315789473,34,89.47368421052632,high,high
eopatch-835,38,37,87.97503157894734,33,86.84210526315789,high,high
eopatch-364,19,19,93.77574736842104,18,94.73684210526316,high,high
eopatch-894,38,38,81.40290526315788,30,78.94736842105263,high,high
eopatch-870,38,35,87.56046315789473,31,81.57894736842105,high,high
eopatch-672,38,38,87.06682105263161,33,86.84210526315789,high,high
eopatch-826,38,38,89.7566736842105,34,89.47368421052632,high,high
eopatch-851,38,37,92.00783157894735,35,92.10526315789474,high,high
eopatch-498,24,23,86.084,20,83.33333333333333,high,high
eopatch-294,25,24,87.18758399999999,22,88.0,high,high
eopatch-863,38,33,89.77911578947364,34,89.47368421052632,high,high
eopatch-869,38,37,84.50955789473683,30,78.94736842105263,high,high
eopatch-887,38,35,91.11452631578948,34,89.47368421052632,high,high
eopatch-813,38,37,83.99145263157894,31,81.57894736842105,high,high
eopatch-880,38,37,85.90728421052634,29,76.3157894736842,high,high
eopatch-914,46,37,87.4290782608696,38,82.6086956521739,high,high
eopatch-740,38,38,84.44837894736841,30,78.94736842105263,high,high
eopatch-299,19,18,91.62922105263158,17,89.47368421052632,high,high
eopatch-471,24,23,87.32073333333334,20,83.33333333333333,high,high
eopatch-342,19,18,92.70442105263156,18,94.73684210526316,high,high
eopatch-893,38,38,82.73852631578949,28,73.6842105263158,high,high
eopatch-907,38,36,83.38829473684211,29,76.3157894736842,high,high
eopatch-800,38,38,86.12677894736844,32,84.21052631578948,high,high
eopatch-877,38,38,88.49856842105262,32,84.21052631578948,high,high
eopatch-899,38,33,86.00471578947366,30,78.94736842105263,high,high
eopatch-363,19,17,93.68286315789474,18,94.73684210526316,high,high
eopatch-838,38,38,91.60955789473682,33,86.84210526315789,high,high
eopatch-688,44,43,87.62316363636363,37,84.0909090909091,high,high
eopatch-761,38,38,86.36433684210529,33,86.84210526315789,high,high
eopatch-316,25,24,84.699392,21,84.0,high,high
eopatch-751,45,44,86.24839111111112,37,82.22222222222223,high,high
eopatch-891,38,37,90.02265263157895,34,89.47368421052632,high,high
eopatch-905,38,35,81.78585263157895,28,73.6842105263158,high,high
eopatch-830,38,35,91.4709052631579,36,94.73684210526316,high,high
eopatch-888,38,33,90.64475789473683,33,86.84210526315789,high,high
eopatch-811,38,36,89.82783157894738,32,84.21052631578948,high,high
eopatch-882,38,37,82.47991578947368,29,76.3157894736842,high,high
eopatch-916,46,38,87.09085217391304,38,82.6086956521739,high,high
eopatch-770,44,44,87.72312727272728,38,86.36363636363636,high,high
eopatch-823,38,32,88.44606315789473,32,84.21052631578948,high,high
eopatch-924,46,43,84.78779130434785,38,82.6086956521739,high,high
eopatch-829,38,37,90.07082105263157,34,89.47368421052632,high,high
eopatch-404,19,19,96.20757894736842,18,94.73684210526316,high,high
eopatch-799,38,36,89.96715789473683,34,89.47368421052632,high,high
eopatch-816,38,38,89.56846315789474,33,86.84210526315789,high,high
eopatch-738,38,36,91.00707368421054,34,89.47368421052632,high,high
eopatch-837,38,38,88.83511578947369,32,84.21052631578948,high,high
eopatch-840,38,37,90.97861052631576,34,89.47368421052632,high,high
eopatch-780,38,38,88.6966736842105,32,84.21052631578948,high,high
eopatch-902,38,38,87.57949473684211,31,81.57894736842105,high,high
eopatch-558,22,18,88.8088,19,86.36363636363636,high,high
eopatch-878,38,36,86.54181052631579,29,76.3157894736842,high,high
eopatch-908,38,34,80.2658947368421,26,68.42105263157895,low,high
eopatch-805,38,38,85.12694736842107,30,78.94736842105263,high,high
eopatch-801,38,38,87.61389473684208,33,86.84210526315789,high,high
eopatch-839,38,37,92.18261052631577,35,92.10526315789474,high,high
eopatch-689,44,43,88.74309090909092,39,88.63636363636364,high,high
eopatch-784,38,38,87.54858947368422,33,86.84210526315789,high,high
eopatch-881,38,38,80.83406315789478,28,73.6842105263158,high,high
eopatch-915,46,35,86.51766956521737,37,80.43478260869566,high,high
eopatch-818,38,37,88.64661052631577,33,86.84210526315789,high,high
eopatch-812,38,37,86.59427368421056,32,84.21052631578948,high,high
eopatch-298,19,19,91.96143157894738,18,94.73684210526316,high,high
eopatch-577,48,48,81.57230000000001,38,79.16666666666667,high,high
eopatch-599,44,43,80.78069090909092,36,81.81818181818181,high,high
eopatch-343,19,19,92.49667368421053,18,94.73684210526316,high,high
eopatch-697,38,37,90.83452631578947,33,86.84210526315789,high,high
eopatch-344,19,19,90.57574736842105,17,89.47368421052632,high,high
eopatch-850,38,38,90.59734736842108,34,89.47368421052632,high,high
eopatch-827,38,34,93.48311578947367,36,94.73684210526316,high,high
eopatch-731,45,44,85.09134222222221,38,84.44444444444444,high,high
eopatch-815,38,38,92.19785263157894,35,92.10526315789474,high,high
eopatch-862,38,35,90.73696842105262,33,86.84210526315789,high,high
eopatch-320,19,19,90.97869473684212,17,89.47368421052632,high,high
eopatch-153,24,18,88.50473333333333,20,83.33333333333333,high,high
eopatch-849,38,37,88.00960000000003,31,81.57894736842105,high,high
eopatch-365,19,16,90.95157894736843,17,89.47368421052632,high,high
eopatch-381,19,19,91.81591578947368,18,94.73684210526316,high,high
eopatch-652,38,38,84.49548421052631,31,81.57894736842105,high,high
eopatch-901,38,37,85.87987368421052,31,81.57894736842105,high,high
